{
  "model": "LSTM Baseline (DAL C)",
  "dataset": "FD001",
  "config": {
    "d_input": 14,
    "d_model": 64,
    "n_layers": 2,
    "dropout": 0.2,
    "bidirectional": true,
    "max_rul": 125,
    "window_size": 30,
    "batch_size": 64,
    "learning_rate": 0.001,
    "epochs": 5
  },
  "test_metrics": {
    "rmse": 38.23686218261719,
    "mae": 35.44380187988281,
    "nasa_score": 353584.0,
    "r2": -0.6545568704605103,
    "early_rate": 79.70772852098862,
    "late_rate": 20.292271479011376,
    "mean_error": -24.15110969543457,
    "std_error": 29.644250869750977
  },
  "best_val_rmse": 41.75471496582031,
  "training_history": {
    "train_loss": [
      2738.851281518335,
      1896.4929430162586,
      1891.4464540223817,
      1880.650614420573,
      1881.4687637466568
    ],
    "val_rmse": [
      41.75761413574219,
      41.77119064331055,
      42.24490737915039,
      41.817909240722656,
      41.75471496582031
    ],
    "val_mae": [
      37.080204010009766,
      37.15221405029297,
      37.8043212890625,
      36.91699981689453,
      37.05363082885742
    ],
    "learning_rate": [
      0.0009046039886902864,
      0.0006548539886902863,
      0.0003461460113097138,
      9.639601130971379e-05,
      1e-06
    ]
  }
}